Product,Price
HP حقيبة ظهر SMB بحجم 15.6 بوصة مع أمان مزدوج - سوداء,"1,799.00 جنيه"
HP بروبوك 640 جي8 - 15.6 بوصة FHD - إنتل كور i7-1165 - 8 جيجابايت رام 512 جيجابايت SSD - إنتل UHD جرافيكس - ويندوز 10 برو - فضي,"39,000.00 جنيه"
HP ماوس ألعاب سلكي USB بأربعة أزرار، مستشعر Sunplus 168A، M100 اسود,99.00 جنيه
"HP Laptop HP Envy x360 Convert 15-es2501dx 2-in-1 Core i7-1260P 12-Cores, 16GB 512GB SSD, Intel Iris Xe 15.6"" Multi Touch IPS, FingerPrint, Backlit, Windows 11","59,999.00 جنيه"
HP WIRELESS MOUSE HP- W10,220.00 جنيه
HP M135a Laserjet MFP Printer,"8,500.00 جنيه"
HP Printer HP Smart Tank 581 All-in-One Printer (4A8D4A),"6,399.00 جنيه"
HP LaserJet MFP 137fnw Multifunctional Laser Printer,"11,080.00 جنيه"
HP ماوس لاسلكي S4000,210.00 جنيه
HP Laptop I3-1315U -4Gb 256Gb Ssd -Uhd-15.6'' Fhd- Dos- Silver-15-Fd0033Ne,"20,100.00 جنيه"
HP VICTUS 16T-R100 GAMING ( Core i7-14700HX-5.5GHz-32G Ram DDR5-5600-1TB SSD NVMe-VGA Nvidia 8GB RTX4060-16.1″ FHD IPS 144 Hz-Win 11 Home-Mica Silver ),"79,990.00 جنيه"
HP حقيبة ظهر HP بحجم 15.6 بوصة - K0B39AA,899.00 جنيه
HP 103A Black Original Neverstop Laser Toner Reload Kit,850.00 جنيه
HP GT53 XL Ink bottle pullout 135ml,649.00 جنيه
HP 4ZB82A MFP 135A Laser Multifunction Printer,"9,500.00 جنيه"
HP AUX 3.5mm Cable 1.5M – Black,99.00 جنيه
HP Laptop I3-1315U -4Gb- 256Gb Ssd -Uhd-15.6'' Fhd -Moonlight Blue-15-Fd0031Ne,"19,848.00 جنيه"
HP PRINTER-HP-LASERJET-M141W,"9,900.00 جنيه"
"HP ENVY X360 14-ES1023DX 2-IN-1 (Intel CORE 7-150U-5.4GHz-16GB-512GB SSD-14″ FHD IPS TOUCH-CAMERA, FPR, BT- WIFI, WIN 11 HOME- INTEL IRIS XE GRAPHICS-SILVER )","47,890.00 جنيه"
HP  HP pro aux 3.5 mm cable- 3m -white,169.00 جنيه
HP 305 Black & Tri-Colour Ink Cartridge Multipack,"1,460.00 جنيه"
HP GT53 XL - Black + GT52 CMY - Set Of 4 Ink Bottles For GT SERIES,"2,144.00 جنيه"
HP خرطوشة حبر 123 اسود + الوان,"1,588.00 جنيه"
HP 515 Wireless All-in-One Smart Tank Printer,"10,500.00 جنيه"
HP VICTUS 16T-R100 GAMING ( Core i7-14700HX-5.5GHz-16G Ram DDR5-5600-512GB SSD NVMe- VGA Nvidia 8GB RTX4060-16.1″ FHD IPS 144 Hz-Win 11 Home-Mica Silver ),"79,800.00 جنيه"
HP اتش بي 4103fdn طابعة ليزر جيت برو متعددة الوظائف,"25,899.00 جنيه"
HP Envy Urban 15.6-inch Sleeve Bag - Black,"1,999.00 جنيه"
HP VICTUS 16T-R100 GAMING ( Core i7-14700HX-5.5GHz-16G Ram DDR5-5600-1TB SSD NVMe-VGA Nvidia 8GB RTX4060-16.1″ FHD IPS 144 Hz-Win 11 Home-Mica Silver ),"73,700.00 جنيه"
HP PRINTER Hp Smart Tank 720 All-In-One  + Extra 3 Free BlackXL Ink Bottles,"12,199.00 جنيه"
"HP Envy X360 15T-FE000 2-in-1 ( Core i7-1355U, 16GB RAM-1TB SSD-VGA Nvidia 4G RTX 3050 4GB- 15.6 FHD Touch + Pen- KB Backlit-English, Win11- Silver )","80,500.00 جنيه"
HP HP Original Toner Multipack 207A (1 x W2210A W2211A W2212A W2213A) for HP Color Laserjet Pro M255 M282 M283)black-cyan-magenta-yellow,"17,177.00 جنيه"
HP Printer HP LaserJet MFP M236dw Printer (9YF95A),"10,444.00 جنيه"
"HP Printer HP Laserjet M111W Wireless , White (7Md68A)","6,195.00 جنيه"
HP PRINTER-HP-DJ 2320-7WN42B,"5,000.00 جنيه"
"HP Laptop HP Probook 470 G10-8A6D0EA, Intel Core-i5-1335U, 16GB RAM, 512GB SSD, Intel Iris Xe Graphics, 17.3 Inch FHD-300nits-IPS, Island Style KB, Asteroid Silver","33,676.00 جنيه"
HP HP Probook 450 G9 - core  I5 -1235U - 15.6 HD - 8GB - 512GB SSD - MX570 2GB - DOS - Silver,"49,599.00 جنيه"
HP PRINTER-HP-OFFICEJET-8013,"6,600.00 جنيه"
HP PRINTER-HP-LJ PRO 4003DN 2Z609A,"11,424.00 جنيه"
HP أتش بى ماوس لاسلكى X200 أسود,689.00 جنيه
HP Printer HP Smart Tank 582 All-in-One,"7,030.00 جنيه"
HP حقيبة ظهر SMB بحجم 15.6 بوصة مع أمان مزدوج - سوداء,"1,799.00 جنيه"
HP بروبوك 640 جي8 - 15.6 بوصة FHD - إنتل كور i7-1165 - 8 جيجابايت رام 512 جيجابايت SSD - إنتل UHD جرافيكس - ويندوز 10 برو - فضي,"39,000.00 جنيه"
HP ماوس ألعاب سلكي USB بأربعة أزرار، مستشعر Sunplus 168A، M100 اسود,99.00 جنيه
"HP Laptop HP Envy x360 Convert 15-es2501dx 2-in-1 Core i7-1260P 12-Cores, 16GB 512GB SSD, Intel Iris Xe 15.6"" Multi Touch IPS, FingerPrint, Backlit, Windows 11","59,999.00 جنيه"
HP WIRELESS MOUSE HP- W10,220.00 جنيه
HP M135a Laserjet MFP Printer,"8,500.00 جنيه"
HP Printer HP Smart Tank 581 All-in-One Printer (4A8D4A),"6,399.00 جنيه"
HP LaserJet MFP 137fnw Multifunctional Laser Printer,"11,080.00 جنيه"
HP ماوس لاسلكي S4000,210.00 جنيه
HP Laptop I3-1315U -4Gb 256Gb Ssd -Uhd-15.6'' Fhd- Dos- Silver-15-Fd0033Ne,"20,100.00 جنيه"
HP VICTUS 16T-R100 GAMING ( Core i7-14700HX-5.5GHz-32G Ram DDR5-5600-1TB SSD NVMe-VGA Nvidia 8GB RTX4060-16.1″ FHD IPS 144 Hz-Win 11 Home-Mica Silver ),"79,990.00 جنيه"
HP حقيبة ظهر HP بحجم 15.6 بوصة - K0B39AA,899.00 جنيه
HP 103A Black Original Neverstop Laser Toner Reload Kit,850.00 جنيه
HP GT53 XL Ink bottle pullout 135ml,649.00 جنيه
HP 4ZB82A MFP 135A Laser Multifunction Printer,"9,500.00 جنيه"
HP AUX 3.5mm Cable 1.5M – Black,99.00 جنيه
HP Laptop I3-1315U -4Gb- 256Gb Ssd -Uhd-15.6'' Fhd -Moonlight Blue-15-Fd0031Ne,"19,848.00 جنيه"
HP PRINTER-HP-LASERJET-M141W,"9,900.00 جنيه"
"HP ENVY X360 14-ES1023DX 2-IN-1 (Intel CORE 7-150U-5.4GHz-16GB-512GB SSD-14″ FHD IPS TOUCH-CAMERA, FPR, BT- WIFI, WIN 11 HOME- INTEL IRIS XE GRAPHICS-SILVER )","47,890.00 جنيه"
HP  HP pro aux 3.5 mm cable- 3m -white,169.00 جنيه
HP 305 Black & Tri-Colour Ink Cartridge Multipack,"1,460.00 جنيه"
HP GT53 XL - Black + GT52 CMY - Set Of 4 Ink Bottles For GT SERIES,"2,144.00 جنيه"
HP خرطوشة حبر 123 اسود + الوان,"1,588.00 جنيه"
HP 515 Wireless All-in-One Smart Tank Printer,"10,500.00 جنيه"
HP VICTUS 16T-R100 GAMING ( Core i7-14700HX-5.5GHz-16G Ram DDR5-5600-512GB SSD NVMe- VGA Nvidia 8GB RTX4060-16.1″ FHD IPS 144 Hz-Win 11 Home-Mica Silver ),"79,800.00 جنيه"
HP اتش بي 4103fdn طابعة ليزر جيت برو متعددة الوظائف,"25,899.00 جنيه"
HP Envy Urban 15.6-inch Sleeve Bag - Black,"1,999.00 جنيه"
HP VICTUS 16T-R100 GAMING ( Core i7-14700HX-5.5GHz-16G Ram DDR5-5600-1TB SSD NVMe-VGA Nvidia 8GB RTX4060-16.1″ FHD IPS 144 Hz-Win 11 Home-Mica Silver ),"73,700.00 جنيه"
HP PRINTER Hp Smart Tank 720 All-In-One  + Extra 3 Free BlackXL Ink Bottles,"12,199.00 جنيه"
"HP Envy X360 15T-FE000 2-in-1 ( Core i7-1355U, 16GB RAM-1TB SSD-VGA Nvidia 4G RTX 3050 4GB- 15.6 FHD Touch + Pen- KB Backlit-English, Win11- Silver )","80,500.00 جنيه"
HP HP Original Toner Multipack 207A (1 x W2210A W2211A W2212A W2213A) for HP Color Laserjet Pro M255 M282 M283)black-cyan-magenta-yellow,"17,177.00 جنيه"
HP Printer HP LaserJet MFP M236dw Printer (9YF95A),"10,444.00 جنيه"
"HP Printer HP Laserjet M111W Wireless , White (7Md68A)","6,195.00 جنيه"
HP PRINTER-HP-DJ 2320-7WN42B,"5,000.00 جنيه"
"HP Laptop HP Probook 470 G10-8A6D0EA, Intel Core-i5-1335U, 16GB RAM, 512GB SSD, Intel Iris Xe Graphics, 17.3 Inch FHD-300nits-IPS, Island Style KB, Asteroid Silver","33,676.00 جنيه"
HP HP Probook 450 G9 - core  I5 -1235U - 15.6 HD - 8GB - 512GB SSD - MX570 2GB - DOS - Silver,"49,599.00 جنيه"
HP PRINTER-HP-OFFICEJET-8013,"6,600.00 جنيه"
HP PRINTER-HP-LJ PRO 4003DN 2Z609A,"11,424.00 جنيه"
HP أتش بى ماوس لاسلكى X200 أسود,689.00 جنيه
HP Printer HP Smart Tank 582 All-in-One,"7,030.00 جنيه"
"HP Monitor HP P24v G5 64W18AS: LED 23.8""","6,030.00 جنيه"
HP اتش بي 4003n طابعة ليزر جيت برو,"9,666.00 جنيه"
HP PRINTER-HP-LASERJET-M141A,"7,999.00 جنيه"
HP L2747A Scanjet Pro 2500 f1 Document Scanner,"17,000.00 جنيه"
HP PRINTER-HP-LASERJET PRO MFP-4103FDW,"21,999.00 جنيه"
"HP BAG HP Odyssey Laptop Backpack, 15.6 Inch, Grey - 5WK93AA","2,066.00 جنيه"
HP hp HP039GBBLK1.5EU USB-A to USB-B v2.0 Printer Cable 1.5M -Black,100.00 جنيه
HP HP-CAT 6-ETHERNET-CABLE-38777,144.00 جنيه
HP 123 خرطوشة حبر Cartridge - أسود,920.00 جنيه
HP cable usb-c to usb-c -2m- black,394.00 جنيه
HP HP In-Ear Headset 150 Marine Blue,559.00 جنيه
HP HP  ScanJet Pro 2600 f1,"11,350.00 جنيه"
HP طابعة OfficeJet Pro 8023 الكل في واحد,"8,320.00 جنيه"
HP Adaper USB Type-C To Micro USB HP - White,100.00 جنيه
HP Mouse HP M10 Wired,499.00 جنيه
HP CF244A 44A Black Original LaserJet Toner Cartridge,"2,600.00 جنيه"
HP اتش بي ليزر متعدد الوظائف 137fnw,"20,000.00 جنيه"
HP Y0F71A Smart Tank 615 Wireless All-in-One Printer  - Black,"10,609.00 جنيه"
"HP Laptop HP Probook 440 G10-8A569EA, Intel Core-i7-1355U, 16GB RAM, 512GB SSD, Nvidia GeForce RTX 2050 4GB, 14 Inch Fingerprint, backlit KB Pike Silver Aluminium","48,666.00 جنيه"
"HP Printer HP Smart Tank 790 All-in-One Printer wireless Print, scan, copy","16,999.00 جنيه"
HP Printer HP Smart Tank 725 All-in-One,"12,199.00 جنيه"
HP Printer HP LaserJet MFP M236dw Printer (9YF95A),"10,636.00 جنيه"
HP HP Headset 150 In-Ear,559.00 جنيه
HP MFP M130a طابعة ليزر جت برو -  متعددة الوظائف,"13,000.00 جنيه"
HP ​HP Jet Pro 4003dn Laser Printer,"13,000.00 جنيه"
HP Printer HP OfficeJet Pro 9730 Wide Format All-in-One,"11,626.00 جنيه"
HP اتش بي MFP-4103DW طابعة ليزر جيت برو,"23,199.00 جنيه"
HP Tonner 4 Pack With Chip 415A 415X Toner Cartridge Multipack: for HP W2030A W2031A W2032A W2033A W2030X Color LaserJet Pro MFP M479fdw M454dw M479dw M479fnw M479fdn M454dn M479 M454 Black Cyan Yellow Magenta,"23,666.00 جنيه"
HP طابعة HP Laser MFP 1200N بيضاء,"12,999.00 جنيه"
HP 122 Black + Tri-color Ink Cartridge,"2,500.00 جنيه"
HP أتش بى ماوس سلكى أومن Vector Essential - أسود,"1,990.00 جنيه"
HP محول HP USB من النوع C إلى محول VGA - أبيض,699.00 جنيه
HP HP Pavilion 600 Bluetooth Headset Black,"3,175.00 جنيه"
HP أتش بي ماوس لاسلكي 220 أسود,"1,059.00 جنيه"
HP لوح ماوس HP OMEN Outpost,"7,339.00 جنيه"
HP HP X220 Backlit Gaming Mouse Black,"1,990.00 جنيه"
HP أتش بى ماوس لاسلكي 200 فضى,999.00 جنيه
HP Essentials Unisex Polyester Laptop Backpack - Black/Grey,"1,666.00 جنيه"
HP Printer  HP LaserJet Pro 4103fdn Multifunction Printer,"20,285.00 جنيه"
HP أتش بي ماوس لاسلكي 220 أحمر,"1,059.00 جنيه"
HP PRINTER-HP-LJ PRO MFP 4103Fdw 2Z629A,"21,989.00 جنيه"
HP Pv606aa Business Pc Security Lock Kit,424.00 جنيه
HP Printer HP LaserJet MFP M236sdn (9YG08A),"12,122.00 جنيه"
HP HP H2800 Stereo Headset (Black & Silk Gold),"1,225.00 جنيه"
HP 953XL High Yield Ink Cartridge Set - 4 Pcs,"9,199.00 جنيه"
HP SCANER-HP-PRO 3600 F1,"22,260.00 جنيه"
HP Scanner HP ScanJet Pro 3600 f1,"19,650.00 جنيه"
HP HP Pro Micro USB Cable 2.0m -black,229.00 جنيه
HP أتش بي ماوس لاسلكي 220 أزرق,"1,059.00 جنيه"
HP HP Pavilion 300 Gaming Mouse Pad,780.00 جنيه
HP 123 Tri-color Original Ink Cartridge,"1,000.00 جنيه"
HP Tonner HP 117A 4 Colour Toner Cartridge Multipack black-cyan-magenta-yellow,"11,055.00 جنيه"
HP HP Pro USB type -C  cable 2.0 -black,194.00 جنيه
HP hp pro micro usb cable -1m- white,159.00 جنيه
HP أتش بى كومبو لوحة مفاتيح و ماوس سلكى أسود 200,"1,675.00 جنيه"
HP Tonner HP 147A - W1470A - Toner Cartridge - Black,"10,630.00 جنيه"
HP HP pro micro usb cable-1m-black,179.00 جنيه
HP hp usb-a to usb-b v2.0 cable-1.5m - black,115.00 جنيه
HP 106A Black Original Laser Toner Cartridge For HP Printers,"3,500.00 جنيه"
HP CZ112AE - 655 Yellow Original Ink Advantage Cartridge,699.00 جنيه
HP أتش بي ماوس لاسلكي 200 أحمر,949.00 جنيه
HP Printer HP LaserJet MFP M236sdw  (9YG09A),"13,180.00 جنيه"
HP HP Pro Micro USB Cable 2.0m -white,224.00 جنيه
HP LaserJet Enterprise M507dn Monochrome USB Laser Printer,"22,300.00 جنيه"
HP HP-PRINTER CABLE V2.0-1.5M-P.N-55706/55798,110.00 جنيه
HP ماوس لاسلكي، شحن USB، 2.4 جيجا هرتز - W10 اسود,220.00 جنيه
HP اتش بى 305 خرطوشة حبر ثلاثية الألوان,499.00 جنيه
HP 123 خرطوشة حبر Cartridge - أسود,888.00 جنيه
HP Ink Cartridge 652 Black And 652 Tri Color Set,"2,050.00 جنيه"
"HP 652 Ink Advantage Cartridge, Black - F6V25AE Black","1,050.00 جنيه"
HP 652 Original Ink Black  and 652 Original Tri-color Ink Cartridge,"1,840.00 جنيه"
HP MFP-135W LaserJet Wireless All in one Printer,"10,060.00 جنيه"
HP Printer HP Smart Tank 585 All-in-One Printer (1F3Y4A),"7,030.00 جنيه"
HP Printer LaserJet MFP M141w,"8,220.00 جنيه"
HP 2320,"2,750.00 جنيه"
HP Printer HP LaserJet M111a,"4,810.00 جنيه"
HP طابعة ليزر جيت M111w اللاسلكية أحادية اللون لون أبيض,"6,400.00 جنيه"
HP خرطوشة حبر أصلية طراز 3YM75AE أسود,920.00 جنيه
HP Printer LaserJet MFP M141a,"6,945.00 جنيه"
HP Wireless Keyboard and Mouse Combo,"1,739.00 جنيه"
HP 2 Piece Original 305 Black And Tri Color Ink Cartridge Set Black/Tri-Color,"1,470.00 جنيه"
HP Mouse Wireless Z3700 171D8AA - Ceramic White,"1,010.00 جنيه"
"HP 912XL High Yield Original Ink Cartridge, Black/Cyan/Magenta/Yellow, Multipack-3YP34AE","6,900.00 جنيه"
HP 655 Ink Cartridges Set - Black - Cyan - Magenta & Yellow,"2,299.00 جنيه"
HP PRINTER-HP-DESKJET PLUS 4120,"4,799.00 جنيه"
HP GT52 Original Ink Cartridge M0H54AE Cyan,710.00 جنيه
HP 305 Original Ink Cartridge Black,885.00 جنيه
HP طابعة ليزر طراز M111a أبيض,"4,815.00 جنيه"
HP 250 G7 Notebook Laptop - 15.6-inch – Intel Core i3-1005G1 - 4GB RAM - 1TB HDD - Intel UHD Graphics - Windows 10 - Black,"14,676.00 جنيه"
HP K0B38AA حقيبة لاب توب 15.6 بوصة,800.00 جنيه
HP ماوس لاسلكي، شحن يو اس بى،تردد 2.4 جيجاهرتز - W10,220.00 جنيه
HP 220 Wireless Keyboard 805T2AA - Black,"1,170.00 جنيه"
HP Victus 15-FA0033DX Gaming Laptop Intel Core i5-12450H 512GB SSD 8GB Ram Nvidia GeForce RTX 3050 4GB 15.6'' Inch FHD Win.11 - Performance blue,"32,800.00 جنيه"
HP HP 15-FD0346NIA I7-1355U – 8 جيجا – 512 جيجا SSD – رسومات INTEL IRIS XE – 15.6 FHD – DOS – فضي,"27,999.00 جنيه"
HP 963XL Original Ink Cartridge 3JA30AE Black,"3,700.00 جنيه"
HP LaserJet Pro 4003n Printer,"9,666.00 جنيه"
HP 106A Black Original Laser Toner Cartridge For HP Printers,"2,775.00 جنيه"
"HP HP ProBook 450 G10 ( Core i5-1335U, 16GB DDR4-3200, 1TB NVMe,VGA Nvidia 4G RTX 2050, 15.6FHD KB Backlit, FingerPrint-Silver )","36,880.00 جنيه"
HP M141W - LaserJet  Printer,"9,199.00 جنيه"
HP Pack Of 4 High Yield Toner Ink Bottle Multicolour GT52/GT53,"2,600.00 جنيه"
HP ماوس لاسلكي، شحن USB,220.00 جنيه
HP خرطوشة حبر903 أصلية طراز T6L99AE أسود,"1,450.00 جنيه"
HP Mouse USB Gaming HPG270,115.00 جنيه
HP 59A Original LaserJet Toner,"6,217.00 جنيه"
HP ماوس ألعاب سلكي USB بأربعة أزرار، مستشعر Sunplus 168A، M100 اسود,99.00 جنيه
HP M211DW - LaserJet Printer,"8,999.00 جنيه"
HP NB-HP VICTUS 15-FB2082WM-R5 8645HS-512GB SSD-16GB-RTX4050 6GB-15.6FHD 144HZ-WIN11-SILVER,"40,999.00 جنيه"
HP طابعة ألوان  Color Laser MFP 178nw متعددة المهام للطباعة والنسخ والمسح الضوئي - اللون: أبيض 4ZB96A,"20,250.00 جنيه"
HP طابعة ليزر جت MFP طراز M141a أبيض,"6,990.00 جنيه"
"HP 122 Ink Cartridge, Black Original","1,155.00 جنيه"
HP GT52 Original Ink Cartridge Yellow  MOH56AE,710.00 جنيه
HP ورق تصوير - 80جم  أبيض - باكو 500 ورقة,216.00 جنيه
HP DeskJet Plus 4120 All-in-One Printer (3XV14B),"4,800.00 جنيه"
HP خرطوشة حبر 953xl عالية الإنتاجية - طراز F6u16ae أزرق سماوي,"2,600.00 جنيه"
HP GT53XL Original Ink Bottle Black,850.00 جنيه
HP كابل HP USB -A إلى Micro USB - أسود,199.00 جنيه
HP HP Z3700 Purple - Black Wireless Mouse - Without Box,999.00 جنيه
HP M160 Gaming Mouse with Multicolor LED Lighting and Ambidextrous Design - Black,150.00 جنيه
HP خرطوشة حبر901 أصلية طراز CC653AE أسود,"1,150.00 جنيه"
"HP HP ProBook 450 G10 Intel Core I5-1335U 512GB SSD 8GB Ram Nvidia GeForce RTX 2050 4GB 15.6"" Inch FHD Pike Silver Aluminum","38,000.00 جنيه"
HP HP T0F84AA – 15.6-inch SMB-Backpack Case With Double Safety – Black,"2,250.00 جنيه"
HP PRINTER-HP-LJ PRO MFP 4103dw 2Z627A,"19,444.00 جنيه"
HP 107A Original Laser Toner Cartridge BLACK,"4,200.00 جنيه"
HP GT52 Inkjet Printer Cartridge Magenta  MOH55AE,710.00 جنيه
"HP  OMEN 16-AE0073CL GAMING ( Core i7-14650HX-5.2GHz-32G Ram DDR5-5600-1TB SSD NVMe-VGA Nvidia 8GB RTX4060-16.1"""" FHD IPS 144 Hz-Win 11 Home-Silver )","89,990.00 جنيه"
HP محول HP USB من النوع C إلى محول HDMI - أبيض,599.00 جنيه
HP طابعة ليزر جيت MFP M141w باللون الأبيض أبيض,"8,300.00 جنيه"
HP خرطوشة حبر إتش بي 123 طراز F6V17AE أسود,890.00 جنيه
"HP Brother Wireless All in One Ink Tank Printer, DCP-T420W - Black","8,290.00 جنيه"
HP طابعة ليزر ملونة طراز 150a أبيض,"13,500.00 جنيه"
HP LaserJet M111w Printer 7MD68A - White,"6,380.00 جنيه"
HP 653 Tri-Colour Original Ink Advantage Cartridge Multicolour,944.00 جنيه
HP HP Z3700 Wireless Mouse - Marble  - Without Box,999.00 جنيه
HP Wireless Mouse 200 - Black,"1,000.00 جنيه"
HP لابتوب جيمينج اتش بى Victus 15-fb0048ne، بروسيسور AMD رايزن 5-5600H، شاشة 15.6 بوصة FHD، هارد 512 جيجابايت SSD، رام 8 جيجابايت DDR4، AMD Radeon جرافيكس، دوس - ازرق,"31,999.00 جنيه"
HP فأرة لاسلكي متوافقة مع الكل - GRFE21121,350.00 جنيه
HP 137fnw Printer Wireless Laser - White,"12,870.00 جنيه"
HP انك حبر GT53XL & GT52,"2,142.00 جنيه"
HP Printer HP Smart Tank 580 All-in-One Printer (1F3Y2A),"7,030.00 جنيه"
HP Pavilion 15-dk2052ne Gaming Laptop - Intel® Core™ I7-11370H - 16GB RAM - 1TB SSD - 15.6-inch FHD - NVIDIA® GeForce RTX™ 3050 Ti  GPU - Windows 11 - Black - English/Arabic Keyboard,"70,000.00 جنيه"
HP T1A66AA - Stereo 3.5mm Headset G2 - Black,999.00 جنيه
HP 107A Black and White Laser Printer,"6,240.00 جنيه"
HP أتش بى Odyssey Sport شنطة ظهر- 15.6 بوصة - موديل 5,"2,799.00 جنيه"
HP Original 21 Ink Cartridge Black,"1,300.00 جنيه"
HP HP Z3700 White Wireless Mouse,"1,399.00 جنيه"
HP اتش بي ProBook 450 G10 ( 816P4EA ) ( كور i7-1355U 10 كور - رام 16 جيجا DDR4 - هارد 1 تيرا SSD - GPU Nvidia RTX 2050 4 جيجا - شاشة 15.6 FHD IPS - Backlit KYB - OS DOS - اللون فضي),"46,499.00 جنيه"
HP Original Ink Cartridge 3JA29AE 963XL Yellow,"2,650.00 جنيه"
HP PROBOOK 450-G10 ( Core i7-1355U-16GB Ram DDR4-3200-512GB NVMe-VGA Nvidia 4G RTX 2050-KB Backlit -15.6FHD Touch-FingerPrint-Silver ),"45,190.00 جنيه"
HP Pavilion Gaming Mouse Pad 300 - Black,499.00 جنيه
"HP 78A Black Original LaserJet Toner Cartridge, CE278A","1,999.00 جنيه"
HP DeskJet Plus Ink Advantage 6475 All-in-One Printer (5SD78C) - White,"4,630.00 جنيه"
HP طابعة اتش بي ليزر جيت، ابيض - M211d,"6,990.00 جنيه"
HP OfficeJet Pro 8210 Business Ink Wireless Printer,"4,900.00 جنيه"
HP  107W Wireless LaserJet Printer,"7,750.00 جنيه"
"HP Laptop Hp Victus 15-fa1043ne Gaming 13th Intel i5-13500H , 6GB GDDR6  GeForce RTX 3050  8GB , 512GB SSD, 15.6"" FHD (1920x1080) 144 Hz IPS, Backlit Keyboard  Silver","38,858.00 جنيه"
HP M111A - LaserJet  Printer,"5,499.00 جنيه"
HP HP Gaming Water-Resistant Backpack for 17.3'' Laptops with Self-Repairing Dual Zippers,"2,499.00 جنيه"
"HP 963XL 4-pack High Yield Original Ink Cartridges Black,Cyan,Magenta,Yellow","7,640.00 جنيه"
HP أتش بى أستريو سماعة رأس ابيض*سيلفر H2800,"1,225.00 جنيه"
HP طابعة اتش بي ليزر جيت لاسلكية أبيض (طباعة - نسخ - مسح ضوئي - فاكس) - MFP 137FNW,"12,250.00 جنيه"
HP 953 XL Black + 953 XL Tri Color Ink Cartridge Set - 4 Pcs,"9,195.00 جنيه"
HP Mouse 1000 Wired 4QM14AA - Black,430.00 جنيه
HP Wired Mouse 100 6VY96AA -,430.00 جنيه
HP Wireless Mouse 200 2HU84AA - Pike Silver,850.00 جنيه
HP MFP M182n Color LaserJet Pro Printer 11.5x16.5inch White,"20,500.00 جنيه"
HP M135W Laserjet Multi-function Printer,"10,212.00 جنيه"
"HP 135a Laser MFP Printer, 4ZB82A - White","9,150.00 جنيه"
HP أتش بى Spectre شنطة Sleeve جلد حجم 13.3 بوصة - موديل,"1,599.00 جنيه"
HP كابل طابعة HP USB-A إلى USB-B v2.0 بطول 1.5 متر - أسود,115.00 جنيه
HP طابعة  LaserJet 179fnw لاسلكية ملونة متعددة الوظائف مزودة بفاكس,"23,000.00 جنيه"
HP HP Reversible Laptop Sleeve - Black- Blue V5C27AA,599.00 جنيه
HP 515 Smart Ink Tank All-in-One printer,"9,617.00 جنيه"
HP Officejet Pro 9730 Wide Format All-in-One Printer (537P5C),"11,490.00 جنيه"
HP 912XL High Yield Original Ink Cartridge Black,"3,350.00 جنيه"
HP ماوس لاسلكي يعمل بتقنية الشحن عبر USB، W10,220.00 جنيه
HP LaserJet M111a Printer (7MD67A) - White,"5,050.00 جنيه"
"HP Spectre x360 16-f2023dx (Core i7-1360P 3.70GHz, 16GB Ram-1TB Nvme- Intel Arc A370M Graphics 4GB GDDR6-16"" UHD+ OLED Touch-Full-size Backlit nightfall black Keyboard-English - Win11-Nightfall Black )","87,700.00 جنيه"
HP اتش بي طابعة الكل في واحد  Officejet 8010 الكل في واحد، بازلت فاتح، بازلت فاتح، (4493863),"8,650.00 جنيه"
HP MFP-M141A - LaserJet Printer,"6,999.00 جنيه"
HP PRINTER SMART TANK 3 IN 1 580 - White,"8,550.00 جنيه"
HP طابعة MFP M442dn ليزرجيت اتش بي متكاملة، ابيض - 8AF71A,"32,900.00 جنيه"
HP DHH-1206 Wired 3.5 music Headphone - White,800.00 جنيه
HP Mouse Wireless Z3700 V0L79AA - Black,"1,010.00 جنيه"
HP Mouse Wireless Z3700 Dual 758A8AA - Black,"1,130.00 جنيه"
HP 240 Bluetooth® 5.1 Mouse 793F9AA – Lunar White,"1,010.00 جنيه"
"HP Original HP Gaming Mouse G210, 4 DPI, 6 Buttons, Optical Sensor",899.00 جنيه
HP خرطوشة حبر اصلية لطابعات الليزر من اتش بي W2070A 117A، لون اسود، عبوة واحدة,"3,300.00 جنيه"
HP Printer HP OfficeJet Pro 8123 All-in-One,"9,787.00 جنيه"
HP OfficeJet Pro 9010 All-in-One Printer 3UK83B - White,"7,520.00 جنيه"
HP LaserJet Pro MFP M183fw (7KW56A) Print/Scan/Cop LAN WiFi White/Black,"23,900.00 جنيه"
HP كابل اتش بي HDMI إلى HDMI، طوله 1.5 متر، اسود,450.00 جنيه
HP طابعة ليزر جيت اتش بي M438N ابيض/ اسود,"29,900.00 جنيه"
HP 652 Original Ink Cartridge Tri Color,890.00 جنيه
HP DeskJet Plus Ink Advantage 6075 All-in-One Printer - White,"6,650.00 جنيه"
HP HP Mouse Pavilion Gaming 200,"1,990.00 جنيه"
HP HP ProBook 450 G10 (859W0EA) (Core i5-1335U 10 Cores - 8GB DDR4 -Hard 512GB SSD -GPU Nvidia RTX 2050 4GB -Display 15.6 FHD IPS - Backlit KYB -OS DOS - اللون فضي),"35,499.00 جنيه"
HP HP Omen Encoder Gaming Keyboard Brown Switch,"9,480.00 جنيه"
HP GT53 90-ml Original Ink Bottle Black,"1,050.00 جنيه"
HP 151A - Black LaserJet Toner Cartridge,"7,329.00 جنيه"
HP 651 Original Ink Advantage Cartridge Black,"1,450.00 جنيه"
"HP LaserJet Pro M15a Laser Printer , White - W2G50A","6,500.00 جنيه"
HP 59A Black Original LaserJet Toner Cartridge (CF259A),"6,220.00 جنيه"
"HP 135W Multifunction Laser Printer, White (4ZB83A)","10,500.00 جنيه"
HP خرطوشة حبر950XL قابلة للاستبدال أسود CN045AA,"1,800.00 جنيه"
"HP 19A Original LaserJet Imaging Drum, CF219A","2,999.00 جنيه"
HP كابل اتش بي برو تايب سي الى تايب سي v3.1، 1 متر - اسود,549.00 جنيه
"HP Smart Tank 615 Wireless, Print, Copy, Scan, Fax, Automated Document Feeder, All In One Printer, Print Up To 18000 Black/8000 Colour Pages Black","12,000.00 جنيه"
HP خرطوشة حبر لطابعة إتش بير ليزر 106A أسود,"2,900.00 جنيه"
HP ماوس لاسلكي مع شحن USB، تردد 2.4 جيجاهرتز - W10,220.00 جنيه
HP كابل شحن HP Pro USB إلى Micro USB بطول 2 متر - أسود,349.00 جنيه
HP Cable Mini Display Port To VGA Adapter - Black,399.00 جنيه
HP اتش بي Pavilion سماعة رأس للألعاب 400 - موديل 4BX31AA - أسود,"1,440.00 جنيه"
HP ماسح ضوئي ليدي 300 أسود,"3,900.00 جنيه"
HP أتش بى سماعة رأس OMEN مع FrostCap - أسود,"8,490.00 جنيه"
HP Pack of 2 123 Original Ink Cartridge Set Black & Tri Color,"1,590.00 جنيه"
"HP 15-fd0072ne Intel® Core ™ i5-1334U , 8GB RAM, 512 GB , MX570 , 15.6"" FHD , Win 11 - Silver","42,180.00 جنيه"
HP أتش بى سماعة رأس للألعاب X1000 - أسود,"6,695.00 جنيه"
"HP Victus Gaming 15-fa1041ne Intel® Core™i5-13500H 8GB Ram , 512GB RTX 3050 15.6"" FHD - Blue","48,499.00 جنيه"
HP اتش بي ProBook 450 G10 ( 85D04EA ) ( كور i7-1355U 10 كور - رام 8 جيجا DDR4 - هارد 512 جيجا SSD - GPU Nvidia RTX 2050 4 جيجا - شاشة 15.6 FHD IPS - Backlit KYB -OS DOS - اللون فضي),"45,999.00 جنيه"
"HP 901 Black & 901 Colour Ink Cartridges - 901 Black (Cc653Ae), 901 Colour (Cc656Ae) For Printer Model: Officejet J 4524 - Officejet J 4624 - Officejet 4500 Aio - Officejet 4500 Wireless Aio","2,299.00 جنيه"
HP 305 Tri-Color Original Ink Cartridge,800.00 جنيه
HP DHE 8009 Wired 3.5 communication Headphone Balck,499.00 جنيه
HP Toner 136A LaserJet (W1360A),"3,000.00 جنيه"
HP 230 Wireless Mouse and Keyboard Combo - White,"1,750.00 جنيه"
HP كابل ايه يو إكس 3.5 ملم بطول1.5متر من إتش بي - أسود HP027GBBLK1.5TW,141.29 جنيه
HP طابعة LaserJet Pro 4003dn - دوبلكس، منفذ إيثرنت، طباعة: حتى 42 صفحة في الدقيقة باللون الأسود، USB 2.0 عالي السرعة، أبيض,"12,350.00 جنيه"
HP HP Business 4 Wheel Roller Case - Notebook carrying case - 17.3 - Black,"10,290.00 جنيه"
HP HP Pavilion Wayfarer Backpack,"4,795.00 جنيه"
HP DeskJet Plus Ink Advantage 6475 All-in-One Printer (5SD78C),"6,750.00 جنيه"
"HP HP ENVY Urban - Notebook carrying backpack - 15.6"" - black","3,299.00 جنيه"
HP PRINTER SMART TANK 3 IN 1 520 - White - gray,"6,690.00 جنيه"
HP LaserJet MFP 137fnw Multifunctional Laser Printer - White (4ZB84A),"11,200.00 جنيه"
"HP Toner Cartridge CE505AC High Black For HP LaserJet P2035 , P2055","2,999.00 جنيه"
HP خرطوشة تونر أصلية 85A لطابعة ليزر جيت أسود,"3,999.00 جنيه"
HP طابعة اتش بي ليزجيت برو موديل M404dn (W1A53A)، الليزر، طابعات ليزر,"18,600.00 جنيه"
HP أتش بي مكبر صوت X1000 للألعاب - أسود,"6,695.00 جنيه"
HP DHE-8000 USB Wired Headphone With Mic  Balck,"1,425.00 جنيه"
HP TINTA EPSON 673 LC L800 L805 L850 ORIGINAL - Biru Muda,"1,050.00 جنيه"
HP HP027GBBLK1.5TW - Cable AUX - 3.5 mm - 1.5 m - Black,79.00 جنيه
HP خرطوشة حبر أصلية 123 ثلاثي الألوان,850.00 جنيه
HP اتش بي لوحة مفاتيح أحمر Omen Encoder للألعاب - (6YW76AA),"9,480.00 جنيه"
"HP Original Ink 28 Cartridge, Tri-Color, Single Pack (C8728AE )",600.00 جنيه
HP مجموعة خراطيش حبر أصلية 653 للطابعة مكونة من قطعتين متعدد الألوان,"1,985.00 جنيه"
HP Wired USB-A Stereo Headset 428H5AA - Black,"1,900.00 جنيه"
HP خرطوشة حبر 83A أصلية للطابعة ليزر جيت أسود,"3,950.00 جنيه"
HP طابعة اوفيس جيت برو موديل 8023 المتكاملة، من اتش بي، حراري,"9,400.00 جنيه"
HP طقم خرطوشة حبر اتش بي 122 ثلاثية الوان,"2,255.00 جنيه"
HP 335A - Black Original LaserJet Toner Cartridge,"2,699.00 جنيه"
"HP 122 Ink Cartridge - CH562HK, Tri-color","1,100.00 جنيه"
HP  سكان جيت برو 2600 f1، مسح ضوئي سريع على الوجهين ووحدة تغذية تلقائية للمستندات (20G05A) أبيض,"11,960.00 جنيه"
HP خرطوشة حبر أصلية ثلاثية الألوان 121 طراز CC643HE سماوي /أصفر/ أرجواني,"1,500.00 جنيه"
HP طابعة ليزر ملونة 150NW طراز 4ZB95A أبيض,"15,800.00 جنيه"
HP LaserJet Pro MFP 4103dw Printer (2Z627A) White,"20,888.00 جنيه"
HP USB-A to Micro USB 1.0M Cable – Black,110.00 جنيه
HP 953xl Original Ink Cartridge F6u17ae Magenta,"2,600.00 جنيه"
HP طابعة اتش بي ليزر جيت برو M404n ابيض - W1A52A,"22,000.00 جنيه"
HP 950 Black Original Toner Cartridge (CN049AE),"1,540.00 جنيه"
HP LaserJet Pro 4003n Printer,"10,400.00 جنيه"
HP HP Mini DisplayPort إلى HDMI - أسود,475.00 جنيه
HP Mouse Wireless Z3700 Dual 758A9AA - Silver,"1,130.00 جنيه"
HP 21 Original Ink Cartridge Black,"1,125.00 جنيه"
HP 250 Dual Mouse Bluetooth® 5.0 6V2J7AA - Black,"1,060.00 جنيه"
HP 150 Wireless Mouse - Black,710.00 جنيه
"HP Toner Cartridge CF280XC High Black For HP LaserJet Pro 400 M401, M425","2,999.00 جنيه"
HP خرطوشة حبر 963XL أصلية عالية الإنتاجية طراز 3JA27AE أزرق سماوي,"2,650.00 جنيه"
HP 953 XL Original Inkjet Cartridge - Black,"3,999.00 جنيه"
HP 963 خرطوشة حبر أصلية 3JA25AE أصفر,"1,750.00 جنيه"
HP DHH-1206 Wired 3.5 music Headphone - Balck,800.00 جنيه
HP خرطوشة حبر أصلية 953XL أسود  CN045AA,"4,000.00 جنيه"
HP خرطوشة حبر 912XL أصلية عالية الإنتاجية طراز 3YL82AE أرجواني,"1,335.00 جنيه"
HP Car Charger Dual USB-A 3.4 - White,219.00 جنيه
HP TONNER 205A BUNDEL,"11,055.00 جنيه"
HP  Original 953XL Ink Cartridge Black  (L0S70AE),"4,000.00 جنيه"
HP Ink Cartridge 123 Combo - Black & Tri Color,"2,150.00 جنيه"
HP HP USB-C to VGA Display Adapter Converter Black,"2,195.00 جنيه"
HP M135a Laserjet MFP Printer,"11,000.00 جنيه"
HP  953XL Original Ink Cartridge Yellow F6U18AE,"2,600.00 جنيه"
HP Original 920XL Ink  High Yield Cartridge Yellow (CD974AE),"1,050.00 جنيه"
HP خرطوشة حبر 651 أصلية ثلاثية الألوان طراز C2P11AE منتج ثلاثي الألوان,"1,390.00 جنيه"
HP HP Omen Mouse Pad 100,590.00 جنيه
"HP Original 920XL Cyan Ink Cartridge Works with OfficeJet 6000, 6500, 7000, 7500  (CD972AE)","1,050.00 جنيه"
HP 903 Original Ink Cartridge Magenta (T6l91ae),"1,000.00 جنيه"
HP Mouse Bluetooth 410 Slim 4M0X5AA - Ash silver,"1,840.00 جنيه"
HP 88 Ink Cartridge Cyan,"1,000.00 جنيه"
HP HP 953 magenta Original Ink Cartridge,"1,599.00 جنيه"
HP اتش بي ماوس لاسلكي 200 أسود*ذهبى,"1,019.00 جنيه"
HP Mini DisplayPort to HDMI Adaptor – Black,490.00 جنيه
HP DHE-8000 USB Wired Headphone With Mic 9NG11AA – Balck,"1,280.00 جنيه"
HP Toner 12A Black Original LaserJet Toner Cartridge (Q2612A),"3,600.00 جنيه"
HP كابل شحن HP Pro USB إلى Micro USB بطول 1 متر - أسود,279.00 جنيه
HP طقم خراطيش حبر بديلة 903 من 4 قطع متعدد الألوان,"4,400.00 جنيه"
HP أتش بى - أدابتر من USB C الى HDMI 2.0,"1,785.00 جنيه"
HP HP Z3700 Dragonfly Blue Wireless Mouse G2,999.00 جنيه
HP خرطوشة حبر963XL  أصلية عالية الإنتاجية طراز 3JA28AE أرجواني,"2,650.00 جنيه"
HP Mouse 220 Wireless 7KX12AA - Snow White,"1,040.00 جنيه"
HP حبر 932 اسود و حبر933 احمر ولبني واصفر,"7,999.00 جنيه"
HP خرطوشة حبر 711 لطابعة ديزاين جيت أسود,"2,800.00 جنيه"
HP Original 920XL Ink Cartridge Magenta  (CD973AE ),"1,050.00 جنيه"
"HP HP Smart Tank 720 Wi Fi Wireless All-in-One Printer Print, Scan, Copy","13,899.00 جنيه"
HP خرطوشة حبر963  أصلية طراز 3JA26AE أسود,"2,475.00 جنيه"
HP خرطوشة حبر أصلية 903 طراز T6L87AE أزرق سماوي,"1,000.00 جنيه"
HP 933XL Original Ink Cartridge CN055AE Magenta,"1,850.00 جنيه"
"HP HP USB Wall Charger, 5.4A, Black","1,749.00 جنيه"
HP  Original 655 Ink Advantage Cartridge - Magenta CZ111AE,"1,250.00 جنيه"
HP خرطوشة حبر أصلية 903 طراز T6L95AE أصفر,"1,000.00 جنيه"
HP HP Z3700 Gold Wireless Mouse,"1,399.00 جنيه"
HP 953XL خرطوشة حبر أصلية عالية الإنتاجية (L0S70AE) أسود/سماوي/أرجواني/أصفر,"9,500.00 جنيه"
HP 912XL High Yield Original Ink Cartridge 3YL83AE Yellow,"1,335.00 جنيه"
HP خرطوشة حبر117A أصلية لطابعة تعمل بالليزر أزرق سماوي,"3,200.00 جنيه"
HP خرطوشة حبر 711XL لطابعة ديزاين جيت أسود CZ133A,"4,300.00 جنيه"
HP 912XL High Yield Original Ink Cartridge 3YL81AE Cyan,"1,335.00 جنيه"
HP 88 Original Officejet Ink Cartridge Yellow,"1,000.00 جنيه"
HP 88 Ink Printer Cartridge Magenta,"1,000.00 جنيه"
HP Original Ink Cartridges Set Model 651 for Inkjet Printers 2 Pieces (Black / Tri-Color),"2,885.00 جنيه"
HP Dual Mode Mouse 6CR72AA - Silver,"1,480.00 جنيه"
HP 711 Designjet Ink Cartridge Yellow,"2,550.00 جنيه"
HP Original 711 Original Ink Print Cartridge - Magenta CZ131A,"2,550.00 جنيه"
HP Original 711 Ink Print Cartridge - Cyan CZ130A,"2,550.00 جنيه"
HP HP OMEN Hard Mouse Pad 200,890.00 جنيه
"HP اتش بي 14-em0006ne لاب توب - معالج AMD Ryzen 5-7520U - رامات 8 جيجا بايت - هارد ديسك 512 جيجا بايت SSD - جرافيك AMD Radeon Graphics - شاشه 14"" FHD - ويندوز 11 - فضي","21,999.00 جنيه"
HP HP OMEN Mindframe prime Gaming headset With Microphone,"8,490.00 جنيه"
HP 335A Black Original LaserJet Toner Cartridge (W1335A),"2,700.00 جنيه"
HP Laserjet Toner 26A Cartridge Black Noire,"6,900.00 جنيه"
HP Toner 136A Black Original Laser Toner Cartridge (W1360A),"3,350.00 جنيه"
HP HP Z3700 Blue - Black Wireless Mouse - Without Box,999.00 جنيه
HP LaserJet MFP M141w Printer (7MD74A) - White,"8,340.00 جنيه"
HP أتش بى - شاحن سيارة - USB,685.00 جنيه
HP USB Type C To VGA Adapter HP - White,495.00 جنيه
HP خرطوشة حبر ليزر جيت أصلية طراز CF244A أسود,"3,700.00 جنيه"
HP HP USB A To USB B Cable 1m Black,359.00 جنيه
HP خرطوشة حبر لطابعات الليزر 117A أصلية طراز W2073A أرجواني,"3,000.00 جنيه"
HP Z3700 Wireless Mouse - 1200DPI - Blue,"1,333.00 جنيه"
HP طابعة ليزر جيت متعددة الخصائص طراز M404DW أبيض,"17,550.00 جنيه"
HP كابل شحن HP Pro USB إلى Micro USB بطول 2 متر - فضى,349.00 جنيه
HP كابل HP Pro USB إلى Type C V2.0، 1 متر - أسود,329.00 جنيه
HP 117A Original Laser Toner Cartridge Yellow,"3,200.00 جنيه"
HP 10A 2-pack Black Original LaserJet Toner Cartridges,"2,100.00 جنيه"
HP  خرطوشة حبر 730 أصلية سوداء غير لامعة P2V65A أسود,"5,200.00 جنيه"
HP 79A Original LaserJet Toner Cartridge 79A Black,"3,850.00 جنيه"
HP 117A Original Toner Kit for Laser 150 / Laser MFP 178/179 Black / Magenta / Cyan / Yellow,"12,800.00 جنيه"
HP USB Type C To VGA Adapter  - White,489.00 جنيه
HP Original  655 Ink Cartridge - Yellow CZ112AE,"1,250.00 جنيه"
HP كابل HP Mini Display Port إلى VGA محول - أسود,495.00 جنيه
HP أتش بى Omen- سماعة رأس 800,"4,575.00 جنيه"
HP 30 Black Inkjet Print Cartridge C8767HE,"1,850.00 جنيه"
HP أتش بي DHC-HD05 كابل من HDMI الي DVI طوله 2 متر,"1,148.00 جنيه"
HP جيبك اتش بي اروبا 10جيجا سنجل مود,"7,035.00 جنيه"
HP TONNER 150A W1500A,"2,737.00 جنيه"
HP TONNER 151A  W1510A,"6,230.00 جنيه"
HP Ink 72 Original Matte Black and Yellow -C9384A,"7,000.00 جنيه"
HP أتش بى أدابتر من USB C الى USB 3.0,"1,785.00 جنيه"
HP Officejet 7612 طابعة إلكترونية All-in-One للتصميمات العريضة للأعمال للورق بحجم B,"4,389.00 جنيه"
HP T664 Refilling Ink Bottle 70ml Cyan,595.00 جنيه
HP 72 Genuine Ink Cartridge Magenta,"5,300.00 جنيه"
HP خرطوشة حبر 730 رمادي أصلي P2V66A رمادي,"5,200.00 جنيه"
HP خرطوشة الحبر الاصلى 730 ديزاين جيت الأصفرP2V64A,"5,200.00 جنيه"
HP 72 Genuine Ink Cartridge Yellow,"5,300.00 جنيه"
HP 72 Genuine Ink Cartridge Cyan,"5,300.00 جنيه"
HP Toner 26A Black Original Laser Toner Cartridge (CF226A),"7,500.00 جنيه"
HP Wireless Mouse 200 2HU82AA - Red,850.00 جنيه
HP Mouse Wireless Z3700 4VY82AA - White/Pink,"1,010.00 جنيه"
HP 240 Bluetooth® 5.1 Mouse 43N05AA – Red,"1,010.00 جنيه"
HP 280 Silent Wireless Mouse 19U64AA - Black,"1,060.00 جنيه"
HP LaserJet MFP M141a Printer (7MD73A) - White,"7,110.00 جنيه"
HP Mouse Wireless Z3700 Dual X7Q43AA - Gold,"1,010.00 جنيه"
HP Mouse Wireless Z3700 V0L82AA - Red,"1,010.00 جنيه"
HP 240 Bluetooth® 5.1 Mouse 43N04AA – Silver,"1,010.00 جنيه"
HP Stereo 3.5mm G2 Headset 428K7AA - Black,"1,550.00 جنيه"
HP T6731 Cartridge Ink Bottle T6731 Black,"1,000.00 جنيه"
HP Original 730 DesignJet Ink Cartridge - Black P2V67A,"5,700.00 جنيه"
HP Toner 106A Black Original Laser Toner Cartridge,"2,850.00 جنيه"
HP 82 Original DesignJet Ink Cartridge Black,"6,450.00 جنيه"
HP أتش بي سماعة أذن سلكية موديل DHH-1126 توصيل Type-C - أسود,"1,613.00 جنيه"
HP TONNER 107A -W1107A,"2,949.00 جنيه"
HP خرطوشة حبر 711سائل CZ130A للطابعة ديزاين جيت أزرق سماوي,"2,550.00 جنيه"
HP أتش بي DHC-HD01-03M كابل HDMI 2.0 عالي السرعة 18 جيجابت في الثانية,"1,364.00 جنيه"
HP أتـش بي سماعة أذن سلكية موديل DHH-1111 توصيل 3.5 مم - أسود,897.00 جنيه
HP أتش بي محول HDMI إلى VGA موديل DHC-CT500,"2,151.00 جنيه"
HP أتش بي DHC-HD02-02M كابل HDMI 2.1 عالي السرعة 48 جيجابت في الثانية,"2,686.00 جنيه"
HP أتش بي DHC-PT100 كابل طابعه طوله 2 متر - أسود,645.00 جنيه
HP أتـش بي سماعة أذن سلكية موديل DHH-1127 توصيل Type-C - أسود,"1,719.00 جنيه"
HP أتش بى سماعة رأس سلكي موديل DHH-1206 بمدخل 3.5 - أسود,899.00 جنيه
HP أتش بي DHC-CAT8 كابل Cat8 طوله 3 متر,"2,151.00 جنيه"
HP أتـش بي سماعة أذن سلكية موديلDHE-7001 توصيل 3.5 مم - أسود,897.00 جنيه
HP أتش بي موزع HDMI من مدخل الي مدخلين موديل DHC-HD01V,"3,012.00 جنيه"
HP أتـش بي سماعة أذن سلكية موديل DHE-7000 توصيل 3.5 مم مع ميكروفون - أبيض,682.00 جنيه
HP أتـش بي سماعة أذن سلكية موديل DHH-1111 توصيل 3.5 مم - أبيض,897.00 جنيه
HP أتـش بي سماعة أذن سلكية موديل DHH-1112 توصيل 3.5 مم - أبيض,897.00 جنيه
HP أتـش بي سماعة أذن سلكية موديل DHH-1112 توصيل 3.5 مم - أسود,897.00 جنيه
HP أتش بي ماوس Dual Mode 300 موديل 6CR72AA - فضي,"7,740.00 جنيه"
HP أتش بي DHC-HD01-02M كابل HDMI 2.0 عالي السرعة 18 جيجابت في الثانية,"1,077.00 جنيه"
HP أتش بي محول USB3.0 إلى RJ45 موديل DHC-CT101,"4,301.00 جنيه"
"HP اتش بي 15-fc00036ne لاب توب - معالج AMD Ryzen R7-7730U - رامات 16 جيجا بايت - هارد ديسك 512 جيجا بايت SSD - جرافيك AMD Radeon Integrated Graphics - شاشه 15.6"" FHD - ويندوز 11 - اسود","28,499.00 جنيه"
HP أتش بي ماوس Dual Mode موديل 6CR71AA - أسود,"7,740.00 جنيه"
HP أتش بي محول USB-C إلى RJ45 موديل DHC-CT208,"4,121.00 جنيه"
HP أتـش بي سماعة أذن سلكية موديل DHE-7000 توصيل 3.5 مم مع ميكروفون- أسود,732.00 جنيه
HP أتش بي DHC-CAT7 كابل FLAT Cat7 طوله 3 متر,"1,719.00 جنيه"
HP أتش بي DHC-DP01 كابل من DP الي DP طوله 2 متر 4K,"2,237.00 جنيه"
HP أتش بي DHC-PT100 كابل طابعه طوله 3 متر - أسود,948.00 جنيه
"HP 30A Original LaserJet Toner Cartridge, Black,","4,950.00 جنيه"
"HP Victus 15-fa1043ne Gaming Laptop ( 13th Intel Core i5-13500H -8GB DDR4 - 512GB SSD-  NVIDIA GeForce RTX 3050 6GB - 15.6""FHD 144Hz IPS- DOS - Mica Silver)","39,999.00 جنيه"
HP كابل HP USB C إلى USB C 1.0M - أسود,499.00 جنيه
HP أتش بي ماوس لاسلكي Z3700 - موديل V0L79AA - أسود,999.00 جنيه
HP اتش بى طابعة Smart Tank 520 الكل في واحد (1F3W2A),"6,599.00 جنيه"
HP أتش بى ماوس لاسلكي 200 - 2HU84AA - فضى,799.00 جنيه
HP أتش بي ماوس لاسلكي Z3700 - موديل 7UH88AA - أزرق,999.00 جنيه
HP أتش بي ماوس سلكي 1000 موديل 4QM14AA - أسود,419.00 جنيه
HP أتش بي ماوس لاسلكي موديل 220 - 7KX10AA - أحمر,929.00 جنيه
HP أتش بي ماوس لاسلكي Z3700 - موديل X7Q44AA - أبيض,999.00 جنيه
HP اتش بي اوفيس جيت برو 8023 الكل في واحد,"8,399.00 جنيه"
"HP اتش بي بافليون Aero 13-BE2003NE لاب توب - معالج AMD Ryzen R5-7535U - رامات 8 جيجا بايت - هارد ديسك 512 جيجا بايت SSD - جرافيك AMD Radeon Graphics - شاشه 13.3"" WUXGA - ويندوز 11 - فضي","40,799.00 جنيه"
HP أتش بي ماوس لاسلكي 220 - أبيض,999.00 جنيه
HP أتش بي ماوس لاسلكي موديل 220 - 7KX11AA - أزرق,929.00 جنيه
HP اتش بى طابعة Smart Tank 580 الكل في واحد (1F3Y2A),"7,699.00 جنيه"
HP اتش بى طابعه جيت برو 9023 الكل فى واحد,"12,199.00 جنيه"
HP أتش بي ماوس لاسلكي Z3700 - موديل 4VY82AA - بينك,999.00 جنيه
HP أتش بي ماوس لاسلكي Z3700 Blizzard - موديل V0L80AA - أبيض,999.00 جنيه
HP اتش بى طابعه جيت برو 9013-1KR49B,"9,499.00 جنيه"
HP أتش بي - ماوس لاسلكى 200 - موديل X6W31AA - أسود,799.00 جنيه
HP أتش بى - من USB C الى VGA أدابتر - موديل P7Z54AA,199.00 جنيه
HP اتش بى طابعة Smart Tank 581الكل في واحد (4A8D4A),"6,999.00 جنيه"
HP أتش بى ماوس لاسلكى X200 - أسود,749.00 جنيه
HP أتش بي ماوس لاسلكي Z3700 Dragonfly - موديل V0L81AA- أزرق,999.00 جنيه
HP أتش بي ماوس لاسلكي Z3700 - موديل X7Q43AA - ذهبى,999.00 جنيه
"HP اتش بي بافليون 15-eh3001ne لاب توب - معالج AMD Ryzen 7-7730U - رامات 16 جيجا بايت - هارد ديسك 512 جيجا بايت SSD - جرافيك AMD Radeon Integrated Graphics - شاشه 15.6"" FHD - ويندوز 11 - ازرق","33,999.00 جنيه"
HP أتش بي شنطة لاب توب Reversible Sleeve مقاس 14 بوصة - أسود و رمادي,449.00 جنيه
HP أتش بي ماوس لاسلكي موديل 220 - 3FV66AA - أسود,929.00 جنيه
HP أتش بي - ماوس لاسلكي 200 - 2HU82AA - أحمر,799.00 جنيه
HP اتش بى 305 خرطوشة حبر ثلاثية الألوان,699.00 جنيه
HP اتش بى طابعة لاسلكيه Smart Tank 530 الكل في واحد (4SB24A),"11,499.00 جنيه"
HP أتش بي ماوس لاسلكي Z3700 - موديل V0L82AA - أحمر,999.00 جنيه
HP اتش بى طابعة لاسلكيه Smart Tank 615 الكل في واحد (Y0F71A),"11,499.00 جنيه"
HP اتش بي - ماوس لاسلكي 200 - 2HU83AA - ذهبي,799.00 جنيه
HP تونر تانك اتش بى 55X خرطوشة حبر H-CE255X,699.00 جنيه
HP أتش بي ماوس لاسلكي Z3700 - موديل X7Q44AA - فضى,999.00 جنيه
HP Ink Cartridge 123 Combo - Black & Tri Color,"2,199.00 جنيه"
HP Mouse Wireless 220 - Blue,"1,100.00 جنيه"
HP Mouse Wired Gamming Omen Vector Black,"1,799.00 جنيه"
HP Smart Tank Printer 580 3 In 1,"10,999.00 جنيه"
HP كابل شحن HP Pro USB إلى Micro USB بطول 1 متر - فضى,279.00 جنيه
HP Original Ink 72 Magenta and Cyan DesignJet C9383A,"7,200.00 جنيه"
HP كابل HP USB C إلى USB C 2.0M - أسود,529.00 جنيه
HP C9370A (72) Ink Cartridge Black...,"1,200.00 جنيه"
HP خرطوشة الحبر 72 رمادي,"5,500.00 جنيه"
HP DesignJet 72 Ink Cartridge Matte Black,"5,300.00 جنيه"
HP 82 69-ml Cyan DesignJet Ink Cartridge (C4911A),"1,300.00 جنيه"
"HP 4K HDMI Cable 1.5 Meter (Male- to-Male0 , 18Gbps High Speed HDMI 2.0 Cable, Supports 4K@60Hz,",199.00 جنيه
HP 4SB24A Smart Tank 530 Wireless All-in-One Printer  - Black,"13,288.00 جنيه"
HP Printer Hp Smart Tank 795 All in one  + Extra 3 Free BlackXL Ink Bottles,"16,999.00 جنيه"
"HP اتش بي برو بوك 470 G9 لاب توب - انتل كور i7-1255U - رامات 8 جيجا بايت - هارد ديسك 512 جيجا بايت SSD - جرافيك NVIDIA GeForce MX550 2GB - شاشه 17.3"" FHD - فضي","34,999.00 جنيه"
HP أتش بى سماعة رأس أستريو G2 بمدخل 3.5 - أسود,"1,299.00 جنيه"
HP أتش بى سماعة رأس سلكي موديل DHH-1206 بمدخل 3.5 - أبيض,"3,224.00 جنيه"
HP اتش بي برو بوك 450 G9 لاب توب - انتل كور i7-1255U - رامات 8 جيجا بايت - هارد 512 جيجا بايت SSD - جرافيك NVIDIA GeForce MX570 - شاشة 15.6 بوصة HD - فضي,"45,999.00 جنيه"
HP اتش بي 15-fa1006ne - انتل كور i7-13700H - رامات 16 جيجا بايت - هارد 512 جيجا بايت SSD - جرافيك NVIDIA GeForce RTX 3050 6GB - شاشة 15.6 FHD- ويندوز11 - أزرق,"50,999.00 جنيه"
HP أتش بى Odyssey شنطة ظهر- 15.6 بوصة - موديل 5WK93AA - رمادى,"2,199.00 جنيه"
"HP اتش بي Victus 15-fa1097ne لاب توب - انتل كور i7-13700H - رامات 16 جيجا بايت - هارد ديسك 512 جيجا بايت SSD - جرافيك NVIDIA GeForce RTX 4050 6GB - شاشه 15.6"" FHD - فضي","49,999.00 جنيه"
HP اتش بى طابعة لاسلكيه Smart Tank 530 الكل في واحد (4SB24A),"10,499.00 جنيه"
HP اتش بي Victus 16-R0047nia لاب توب - انتل كور i7-13700H - رامات 16 جيجا بايت - هارد ديسك 1 تيرا بايت SSD - جرافيك NVIDIA GeForce RTX 4060 8GB - شاشه 16.1 FHD - ازرق,"59,999.00 جنيه"
"HP اتش بي 15-fd0371nia لاب توب - انتل كور i7-1355U - رامات 8 جيجا بايت - هارد ديسك 512 جيجا بايت SSD - جرافيك NVIDIA GeForce MX570 2GB - شاشه 15.6"" FHD - فضي","34,499.00 جنيه"
HP اتش بي ليزر جيت MFP M141w طابعه لاسلكيه - ابيض - موديل 7MD74A,"8,099.00 جنيه"
"HP اتش بي Victus 16–R0046ne لاب توب - انتل كور i7-13700H - رامات 16 جيجا بايت - هارد ديسك 1 تيرا بايت SSD - جرافيك NVIDIA GeForce RTX 4050 6GB - شاشه 16.1"" FHD - ازرق","55,599.00 جنيه"
HP اتش بي Victus 15-fb0034ne - معالج AMD Ryzen 7-5800H - رامات 16 جيجا بايت - هارد 512 جيجا بايت SSD - جرافيك NVIDIA GeForce RTX 3050 4GB - شاشة 15.6 بوصة FHD - ويندوز11 - ميكا فضي,"49,999.00 جنيه"
HP اتش بي Victus 16-R0027ne لاب توب - انتل كور i7-13700H - رامات 16 جيجا بايت - هارد ديسك 1 تيرا بايت SSD - جرافيك NVIDIA GeForce RTX 4070 8GB - شاشه 16.1 FHD - فضي,"66,999.00 جنيه"
HP أتش بى شنطة كتف كلاسيك 1FK07AA - أسود,"1,099.00 جنيه"
HP اتش بي 123 مجموعة خراطيش حبر اسود و متعددة الالوان,"1,499.00 جنيه"
HP اتش بى 123 خرطوشة حبر - أسود,699.00 جنيه
HP Stereo 3.5mm G2 Headset 428K7AA - Black,"2,199.00 جنيه"
HP Dual Mode Mouse 300 - 6CR72AA - Silver,"1,699.00 جنيه"
HP Mouse Wireless Z3700 X7Q43AA - Gold,"1,400.00 جنيه"
HP PRINTER SMART TANK 3 IN 1 520 - White - gray,"8,450.00 جنيه"
HP Wireless Mouse 200 2HU84AA - Pike Silver,"1,699.00 جنيه"
HP Mouse Wired 150 - Black,599.00 جنيه
HP Mouse Wireless Z3700 4VY82AA - White/Pink,"1,400.00 جنيه"
HP 220 Wirless Mouse 220 - White,"1,200.00 جنيه"
HP Mouse 1000 Wired 4QM14AA - Black,599.00 جنيه
HP Mouse Wireless Z3700 V0L79AA - Black,"1,400.00 جنيه"
HP LaserJet M111w Printer 7MD68A - White,"8,199.00 جنيه"
HP Mini Bluetooth Speaker 300 - Black,399.00 جنيه
HP In-Ear Headset 150 With Mic - Empress Red,149.00 جنيه
